id,name,city,region,signup_date
1,Meera Sharma,Hyderabad,South,2020-04-05
2,Meera Reddy,Bengaluru,South,2023-07-02
3,Aarav Patel,Pune,West,2020-09-20
4,Aarav Gupta,Pune,West,2024-11-23
5,Simran Singh,Pune,West,2022-10-09
6,Aarav Kapoor,Delhi,North,2024-07-11
7,Ishaan Nair,Pune,West,2025-06-04
8,Kabir Singh,Bengaluru,South,2021-06-20
9,Ishaan Kapoor,Mumbai,West,2024-08-18
10,Meera Malhotra,Kolkata,East,2019-09-10
11,Pooja Malhotra,Chennai,South,2023-04-23
12,Kabir Sharma,Pune,West,2025-05-03
13,Sara Verma,Bengaluru,South,2022-05-15
14,Neha Nair,Chennai,South,2021-04-22
15,Ishaan Joshi,Bengaluru,South,2023-11-06
16,Simran Joshi,Pune,West,2020-08-13
17,Ishaan Malhotra,Pune,West,2024-06-27
18,Diya Iyer,Mumbai,West,2025-06-13
19,Ishaan Patel,Pune,West,2023-12-11
20,Vikram Reddy,Ahmedabad,West,2022-11-15
21,Rohan Das,Delhi,North,2020-12-18
22,Simran Das,Kolkata,East,2023-07-12
23,Sara Nair,Ahmedabad,West,2019-01-28
24,Meera Nair,Delhi,North,2025-11-14
25,Pooja Patel,Kolkata,East,2022-10-15
26,Yash Das,Mumbai,West,2024-12-04
27,Simran Kapoor,Hyderabad,South,2025-11-11
28,Meera Das,Kolkata,East,2020-08-01
29,Ishaan Gupta,Delhi,North,2023-02-28
30,Priya Verma,Pune,West,2020-06-25
31,Ananya Gupta,Mumbai,West,2023-06-16
32,Aarav Patel,Chennai,South,2025-05-08
33,Diya Iyer,Bengaluru,South,2019-12-16
34,Kabir Kapoor,Delhi,North,2020-11-16
35,Simran Nair,Hyderabad,South,2023-10-14
36,Vikram Malhotra,Pune,West,2024-05-13
37,Neha Khan,Ahmedabad,West,2019-04-08
38,Kabir Rao,Mumbai,West,2023-09-08
39,Dev Iyer,Mumbai,West,2019-12-21
40,Diya Iyer,Bengaluru,South,2019-06-03
41,Yash Iyer,Hyderabad,South,2024-08-07
42,Simran Nair,Ahmedabad,West,2020-08-26
43,Riya Iyer,Bengaluru,South,2019-11-14
44,Neha Singh,Kolkata,East,2022-12-02
45,Meera Sharma,Kolkata,East,2024-06-26
46,Meera Iyer,Pune,West,2020-09-15
47,Rohan Singh,Delhi,North,2021-08-08
48,Kabir Khan,Bengaluru,South,2019-11-18
49,Aarav Patel,Pune,West,2020-07-16
50,Tanvi Iyer,Kolkata,East,2019-03-13
51,Aarav Singh,Hyderabad,South,2025-08-10
52,Riya Joshi,Ahmedabad,West,2020-04-10
53,Vikram Sharma,Mumbai,West,2024-06-02
54,Diya Mehta,Ahmedabad,West,2023-09-06
55,Diya Gupta,Bengaluru,South,2025-03-03
56,Pooja Patel,Pune,West,2022-02-19
57,Sara Mehta,Mumbai,West,2023-02-14
58,Dev Mehta,Chennai,South,2021-04-22
59,Arjun Iyer,Hyderabad,South,2022-03-22
60,Priya Khan,Chennai,South,2025-02-01
61,Aditya Mehta,Bengaluru,South,2019-09-07
62,Yash Das,Delhi,North,2021-02-08
63,Neha Das,Delhi,North,2022-09-23
64,Priya Mehta,Mumbai,West,2024-09-10
65,Meera Malhotra,Delhi,North,2021-02-04
66,Simran Nair,Hyderabad,South,2021-10-07
67,Arjun Iyer,Hyderabad,South,2023-08-09
68,Diya Patel,Kolkata,East,2025-05-02
69,Aarav Rao,Delhi,North,2024-05-06
70,Aditya Gupta,Kolkata,East,2023-01-04
71,Kabir Malhotra,Delhi,North,2023-01-27
72,Neha Mehta,Delhi,North,2022-03-02
73,Priya Rao,Mumbai,West,2021-04-22
74,Sara Reddy,Bengaluru,South,2021-09-28
75,Riya Mehta,Delhi,North,2020-03-26
76,Ananya Malhotra,Kolkata,East,2019-03-24
77,Arjun Kapoor,Kolkata,East,2025-11-28
78,Sara Das,Delhi,North,2025-12-04
79,Karan Verma,Mumbai,West,2025-08-08
80,Vikram Verma,Ahmedabad,West,2021-05-27
81,Sara Iyer,Mumbai,West,2024-04-13
82,Arjun Das,Bengaluru,South,2025-05-12
83,Yash Singh,Chennai,South,2019-02-09
84,Ananya Mehta,Hyderabad,South,2019-02-20
85,Riya Rao,Chennai,South,2022-10-17
86,Meera Singh,Pune,West,2021-01-23
87,Riya Sharma,Pune,West,2021-07-03
88,Arjun Mehta,Chennai,South,2024-02-24
89,Priya Gupta,Hyderabad,South,2024-07-11
90,Karan Joshi,Hyderabad,South,2023-03-07
91,Riya Reddy,Kolkata,East,2024-12-06
92,Pooja Mehta,Hyderabad,South,2022-09-27
93,Aarav Das,Hyderabad,South,2020-07-26
94,Dev Mehta,Chennai,South,2022-08-15
95,Vikram Gupta,Ahmedabad,West,2025-12-06
96,Kabir Das,Chennai,South,2019-04-22
97,Priya Iyer,Pune,West,2020-01-02
98,Sara Khan,Bengaluru,South,2022-07-21
99,Dev Iyer,Kolkata,East,2022-07-08
100,Rohan Reddy,Mumbai,West,2025-02-25
101,Riya Iyer,Delhi,North,2025-12-17
102,Aditya Sharma,Pune,West,2025-02-15
103,Rohan Kapoor,Ahmedabad,West,2024-09-18
104,Pooja Rao,Ahmedabad,West,2023-12-17
105,Riya Verma,Ahmedabad,West,2020-12-28
106,Tanvi Khan,Hyderabad,South,2025-04-27
107,Ishaan Kapoor,Ahmedabad,West,2024-04-09
108,Aditya Patel,Hyderabad,South,2020-05-11
109,Arjun Malhotra,Bengaluru,South,2020-03-08
110,Karan Joshi,Delhi,North,2024-04-03
111,Riya Singh,Chennai,South,2023-08-14
112,Diya Iyer,Kolkata,East,2022-10-23
113,Aarav Verma,Kolkata,East,2022-01-12
114,Priya Kapoor,Kolkata,East,2025-07-18
115,Simran Kapoor,Pune,West,2022-04-09
116,Riya Khan,Mumbai,West,2022-06-22
117,Karan Joshi,Delhi,North,2025-08-05
118,Pooja Gupta,Mumbai,West,2022-10-19
119,Aarav Patel,Kolkata,East,2020-08-06
120,Diya Das,Kolkata,East,2021-04-15
121,Arjun Rao,Kolkata,East,2021-07-09
122,Kabir Khan,Mumbai,West,2024-09-02
123,Neha Iyer,Bengaluru,South,2025-11-02
124,Aarav Iyer,Pune,West,2025-01-20
125,Rohan Iyer,Delhi,North,2022-11-04
126,Dev Iyer,Ahmedabad,West,2024-05-25
127,Neha Nair,Bengaluru,South,2025-03-10
128,Meera Mehta,Mumbai,West,2021-10-22
129,Karan Singh,Pune,West,2019-10-23
130,Sara Patel,Hyderabad,South,2025-11-20
131,Meera Kapoor,Mumbai,West,2021-09-14
132,Neha Patel,Chennai,South,2019-07-27
133,Tanvi Patel,Kolkata,East,2021-11-27
134,Aditya Joshi,Delhi,North,2022-03-24
135,Yash Reddy,Hyderabad,South,2023-09-25
136,Tanvi Khan,Kolkata,East,2025-12-19
137,Ishaan Rao,Pune,West,2025-02-09
138,Aditya Iyer,Ahmedabad,West,2023-10-22
139,Karan Rao,Mumbai,West,2022-06-06
140,Tanvi Iyer,Chennai,South,2025-05-11
141,Ishaan Malhotra,Hyderabad,South,2023-01-17
142,Vikram Patel,Pune,West,2024-07-16
143,Simran Kapoor,Pune,West,2024-08-21
144,Tanvi Khan,Mumbai,West,2019-05-08
145,Karan Joshi,Pune,West,2021-11-19
146,Neha Khan,Chennai,South,2022-12-18
147,Arjun Rao,Ahmedabad,West,2021-05-09
148,Sara Patel,Pune,West,2021-02-24
149,Simran Kapoor,Delhi,North,2020-04-24
150,Tanvi Das,Hyderabad,South,2019-04-10
151,Sara Rao,Delhi,North,2021-01-23
152,Simran Nair,Hyderabad,South,2019-01-18
153,Priya Joshi,Delhi,North,2024-08-04
154,Aarav Mehta,Hyderabad,South,2022-08-15
155,Arjun Nair,Mumbai,West,2021-08-04
156,Kabir Singh,Ahmedabad,West,2019-10-21
157,Diya Nair,Delhi,North,2025-10-10
158,Kabir Iyer,Bengaluru,South,2023-07-20
159,Pooja Kapoor,Pune,West,2025-09-13
160,Aditya Malhotra,Ahmedabad,West,2021-10-14
161,Priya Mehta,Mumbai,West,2023-12-04
162,Vikram Reddy,Pune,West,2021-11-03
163,Ananya Iyer,Delhi,North,2023-02-06
164,Aarav Singh,Ahmedabad,West,2024-10-16
165,Priya Sharma,Pune,West,2021-12-10
166,Aditya Patel,Pune,West,2021-11-19
167,Vikram Singh,Bengaluru,South,2023-04-21
168,Rohan Malhotra,Hyderabad,South,2025-03-03
169,Diya Nair,Hyderabad,South,2023-12-27
170,Dev Malhotra,Hyderabad,South,2022-02-15
171,Priya Joshi,Kolkata,East,2021-09-18
172,Tanvi Khan,Bengaluru,South,2023-01-14
173,Arjun Mehta,Hyderabad,South,2019-02-08
174,Dev Mehta,Mumbai,West,2025-11-27
175,Ishaan Mehta,Mumbai,West,2025-03-16
176,Yash Reddy,Ahmedabad,West,2021-03-19
177,Riya Reddy,Ahmedabad,West,2019-08-12
178,Riya Rao,Chennai,South,2024-02-28
179,Ananya Rao,Kolkata,East,2024-08-10
180,Karan Verma,Mumbai,West,2022-02-11
181,Ishaan Rao,Bengaluru,South,2025-07-28
182,Yash Verma,Mumbai,West,2024-09-15
183,Riya Sharma,Pune,West,2023-06-20
184,Tanvi Reddy,Ahmedabad,West,2025-01-07
185,Ishaan Gupta,Delhi,North,2021-08-23
186,Tanvi Patel,Mumbai,West,2024-10-26
187,Sara Joshi,Delhi,North,2021-09-01
188,Simran Singh,Bengaluru,South,2020-02-15
189,Meera Reddy,Delhi,North,2022-12-10
190,Yash Joshi,Hyderabad,South,2022-08-16
191,Sara Khan,Delhi,North,2022-04-20
192,Yash Joshi,Delhi,North,2025-02-09
193,Riya Rao,Hyderabad,South,2025-01-10
194,Priya Verma,Ahmedabad,West,2025-03-15
195,Simran Khan,Chennai,South,2021-09-25
196,Simran Singh,Ahmedabad,West,2021-04-23
197,Sara Mehta,Kolkata,East,2020-07-02
198,Arjun Joshi,Ahmedabad,West,2024-07-13
199,Rohan Khan,Mumbai,West,2020-09-19
200,Arjun Verma,Bengaluru,South,2025-08-04
201,Yash Malhotra,Ahmedabad,West,2019-12-05
202,Riya Verma,Delhi,North,2019-08-26
203,Ishaan Rao,Kolkata,East,2024-02-28
204,Arjun Verma,Kolkata,East,2021-11-23
205,Tanvi Verma,Mumbai,West,2023-02-08
206,Priya Iyer,Bengaluru,South,2022-02-25
207,Meera Khan,Delhi,North,2024-05-01
208,Diya Rao,Mumbai,West,2021-06-12
209,Riya Nair,Pune,West,2023-07-19
210,Ananya Nair,Delhi,North,2019-10-28
211,Karan Mehta,Pune,West,2022-10-05
212,Sara Khan,Hyderabad,South,2022-05-22
213,Aarav Malhotra,Ahmedabad,West,2021-11-18
214,Ananya Patel,Ahmedabad,West,2021-10-10
215,Riya Joshi,Hyderabad,South,2022-05-07
216,Karan Verma,Ahmedabad,West,2019-04-13
217,Dev Rao,Hyderabad,South,2024-05-01
218,Karan Das,Mumbai,West,2023-11-25
219,Diya Malhotra,Ahmedabad,West,2025-05-25
220,Sara Mehta,Chennai,South,2020-11-07
221,Pooja Das,Delhi,North,2024-02-21
222,Diya Das,Ahmedabad,West,2019-10-12
223,Rohan Patel,Hyderabad,South,2021-12-14
224,Ananya Iyer,Delhi,North,2025-09-12
225,Yash Gupta,Hyderabad,South,2025-03-09
226,Tanvi Kapoor,Hyderabad,South,2024-06-26
227,Meera Khan,Bengaluru,South,2020-04-28
228,Karan Verma,Chennai,South,2019-07-01
229,Ishaan Gupta,Bengaluru,South,2022-06-22
230,Ishaan Mehta,Kolkata,East,2025-11-12
231,Meera Reddy,Pune,West,2022-01-20
232,Simran Rao,Pune,West,2024-02-21
233,Aditya Malhotra,Hyderabad,South,2024-07-04
234,Rohan Sharma,Mumbai,West,2021-08-04
235,Meera Iyer,Delhi,North,2022-08-12
236,Simran Singh,Delhi,North,2022-11-04
237,Tanvi Mehta,Kolkata,East,2021-01-23
238,Neha Iyer,Ahmedabad,West,2022-04-28
239,Neha Patel,Chennai,South,2023-11-12
240,Diya Singh,Hyderabad,South,2020-02-28
241,Aditya Patel,Pune,West,2024-11-20
242,Aarav Sharma,Chennai,South,2020-03-26
243,Dev Iyer,Bengaluru,South,2025-09-07
244,Dev Iyer,Pune,West,2021-03-26
245,Pooja Sharma,Hyderabad,South,2025-03-05
246,Simran Das,Delhi,North,2019-11-28
247,Aarav Nair,Mumbai,West,2021-04-19
248,Arjun Sharma,Delhi,North,2021-01-05
249,Riya Gupta,Bengaluru,South,2024-02-16
250,Aditya Kapoor,Chennai,South,2023-10-04
251,Aditya Gupta,Pune,West,2023-01-24
252,Yash Das,Ahmedabad,West,2024-01-02
253,Tanvi Verma,Kolkata,East,2022-11-04
254,Tanvi Joshi,Ahmedabad,West,2019-02-11
255,Pooja Nair,Bengaluru,South,2020-05-20
256,Dev Gupta,Chennai,South,2022-10-17
257,Priya Khan,Kolkata,East,2019-12-04
258,Simran Joshi,Pune,West,2022-08-08
259,Riya Rao,Ahmedabad,West,2022-07-24
260,Meera Rao,Kolkata,East,2021-11-09
261,Neha Nair,Ahmedabad,West,2019-02-27
262,Kabir Patel,Kolkata,East,2019-12-24
263,Neha Kapoor,Delhi,North,2023-01-19
264,Simran Gupta,Chennai,South,2024-02-14
265,Neha Verma,Kolkata,East,2025-12-02
266,Priya Mehta,Hyderabad,South,2021-02-19
267,Yash Iyer,Delhi,North,2024-08-08
268,Meera Rao,Chennai,South,2019-05-19
269,Sara Kapoor,Kolkata,East,2025-09-25
270,Pooja Mehta,Mumbai,West,2023-11-27
271,Ishaan Sharma,Delhi,North,2021-12-25
272,Priya Malhotra,Chennai,South,2021-01-06
273,Rohan Mehta,Kolkata,East,2019-03-24
274,Aarav Patel,Pune,West,2022-07-15
275,Arjun Nair,Chennai,South,2021-12-11
276,Dev Mehta,Bengaluru,South,2019-03-06
277,Pooja Sharma,Bengaluru,South,2021-08-22
278,Riya Khan,Ahmedabad,West,2022-05-07
279,Yash Patel,Chennai,South,2022-02-10
280,Dev Khan,Hyderabad,South,2019-04-13
281,Pooja Sharma,Mumbai,West,2020-05-07
282,Rohan Kapoor,Hyderabad,South,2021-06-04
283,Aarav Khan,Kolkata,East,2020-03-13
284,Simran Joshi,Pune,West,2023-09-27
285,Neha Patel,Kolkata,East,2025-12-02
286,Riya Sharma,Ahmedabad,West,2019-06-19
287,Riya Mehta,Kolkata,East,2024-11-14
288,Priya Patel,Kolkata,East,2019-06-06
289,Pooja Khan,Chennai,South,2019-07-28
290,Meera Iyer,Kolkata,East,2023-07-17
291,Kabir Singh,Hyderabad,South,2024-06-08
292,Arjun Kapoor,Delhi,North,2019-09-21
293,Meera Gupta,Pune,West,2025-06-12
294,Rohan Iyer,Bengaluru,South,2020-05-07
295,Ananya Mehta,Delhi,North,2025-11-03
296,Ananya Kapoor,Ahmedabad,West,2022-10-25
297,Dev Khan,Chennai,South,2025-11-11
298,Rohan Khan,Bengaluru,South,2022-08-21
299,Priya Kapoor,Hyderabad,South,2023-01-12
300,Yash Patel,Hyderabad,South,2022-08-02
